incident_id,year,stage,reason
479,2023,keyword-triage,out-of-scope-type
480,2023,keyword-triage,out-of-scope-type
481,2023,keyword-triage,out-of-scope-type
483,2023,keyword-triage,out-of-scope-type
484,2023,keyword-triage,out-of-scope-type
487,2023,keyword-triage,out-of-scope-type
494,2023,keyword-triage,out-of-scope-type
495,2023,keyword-triage,out-of-scope-type
508,2023,keyword-triage,out-of-scope-type
509,2023,keyword-triage,out-of-scope-type
510,2023,keyword-triage,out-of-scope-type
524,2023,keyword-triage,out-of-scope-type
526,2023,keyword-triage,out-of-scope-type
543,2023,keyword-triage,out-of-scope-type
544,2023,keyword-triage,out-of-scope-type
547,2023,keyword-triage,out-of-scope-type
550,2023,keyword-triage,out-of-scope-type
551,2023,keyword-triage,out-of-scope-type
560,2023,keyword-triage,out-of-scope-type
563,2023,keyword-triage,out-of-scope-type
564,2023,keyword-triage,out-of-scope-type
567,2023,keyword-triage,out-of-scope-type
573,2023,keyword-triage,out-of-scope-type
583,2023,keyword-triage,out-of-scope-type
584,2023,keyword-triage,out-of-scope-type
592,2023,keyword-triage,out-of-scope-type
595,2023,keyword-triage,out-of-scope-type
596,2023,keyword-triage,out-of-scope-type
597,2023,keyword-triage,out-of-scope-type
604,2023,keyword-triage,out-of-scope-type
606,2023,keyword-triage,out-of-scope-type
607,2023,keyword-triage,out-of-scope-type
610,2023,keyword-triage,out-of-scope-type
617,2023,keyword-triage,out-of-scope-type
619,2023,keyword-triage,out-of-scope-type
624,2023,keyword-triage,out-of-scope-type
626,2023,keyword-triage,out-of-scope-type
628,2024,keyword-triage,out-of-scope-type
632,2024,keyword-triage,out-of-scope-type
634,2024,keyword-triage,out-of-scope-type
640,2023,keyword-triage,out-of-scope-type
641,2024,keyword-triage,out-of-scope-type
643,2024,keyword-triage,out-of-scope-type
647,2024,keyword-triage,out-of-scope-type
648,2024,keyword-triage,out-of-scope-type
649,2024,keyword-triage,out-of-scope-type
650,2024,keyword-triage,out-of-scope-type
651,2023,keyword-triage,out-of-scope-type
652,2023,keyword-triage,out-of-scope-type
655,2024,keyword-triage,out-of-scope-type
656,2024,keyword-triage,out-of-scope-type
658,2024,keyword-triage,out-of-scope-type
659,2023,keyword-triage,out-of-scope-type
660,2024,keyword-triage,out-of-scope-type
661,2024,keyword-triage,out-of-scope-type
664,2024,keyword-triage,out-of-scope-type
665,2024,keyword-triage,out-of-scope-type
666,2023,keyword-triage,out-of-scope-type
667,2023,keyword-triage,out-of-scope-type
668,2023,keyword-triage,out-of-scope-type
669,2024,keyword-triage,out-of-scope-type
670,2024,keyword-triage,out-of-scope-type
671,2024,keyword-triage,out-of-scope-type
673,2024,keyword-triage,out-of-scope-type
674,2024,keyword-triage,out-of-scope-type
675,2024,keyword-triage,out-of-scope-type
676,2024,keyword-triage,out-of-scope-type
679,2023,keyword-triage,out-of-scope-type
682,2024,keyword-triage,out-of-scope-type
683,2024,keyword-triage,out-of-scope-type
686,2024,keyword-triage,out-of-scope-type
687,2024,keyword-triage,out-of-scope-type
689,2024,keyword-triage,out-of-scope-type
692,2024,keyword-triage,out-of-scope-type
694,2023,keyword-triage,out-of-scope-type
695,2023,keyword-triage,out-of-scope-type
697,2023,keyword-triage,out-of-scope-type
698,2023,keyword-triage,out-of-scope-type
702,2024,keyword-triage,out-of-scope-type
703,2024,keyword-triage,out-of-scope-type
707,2024,keyword-triage,out-of-scope-type
711,2024,keyword-triage,out-of-scope-type
713,2023,keyword-triage,out-of-scope-type
715,2024,keyword-triage,out-of-scope-type
717,2024,keyword-triage,out-of-scope-type
720,2023,keyword-triage,out-of-scope-type
726,2023,keyword-triage,out-of-scope-type
730,2024,keyword-triage,out-of-scope-type
735,2024,keyword-triage,out-of-scope-type
737,2024,keyword-triage,out-of-scope-type
739,2024,keyword-triage,out-of-scope-type
741,2023,keyword-triage,out-of-scope-type
754,2024,keyword-triage,out-of-scope-type
755,2024,keyword-triage,out-of-scope-type
756,2024,keyword-triage,out-of-scope-type
765,2024,keyword-triage,out-of-scope-type
766,2024,keyword-triage,out-of-scope-type
777,2024,keyword-triage,out-of-scope-type
779,2024,keyword-triage,out-of-scope-type
781,2024,keyword-triage,out-of-scope-type
782,2024,keyword-triage,out-of-scope-type
783,2024,keyword-triage,out-of-scope-type
784,2024,keyword-triage,out-of-scope-type
787,2024,keyword-triage,out-of-scope-type
792,2024,keyword-triage,out-of-scope-type
794,2024,keyword-triage,out-of-scope-type
795,2024,keyword-triage,out-of-scope-type
797,2024,keyword-triage,out-of-scope-type
798,2024,keyword-triage,out-of-scope-type
799,2023,keyword-triage,out-of-scope-type
800,2024,keyword-triage,out-of-scope-type
801,2024,keyword-triage,out-of-scope-type
802,2024,keyword-triage,out-of-scope-type
804,2024,keyword-triage,out-of-scope-type
805,2024,keyword-triage,out-of-scope-type
806,2024,keyword-triage,out-of-scope-type
809,2024,keyword-triage,out-of-scope-type
812,2023,keyword-triage,out-of-scope-type
815,2024,keyword-triage,out-of-scope-type
817,2024,keyword-triage,out-of-scope-type
818,2024,keyword-triage,out-of-scope-type
819,2024,keyword-triage,out-of-scope-type
821,2024,keyword-triage,out-of-scope-type
824,2024,keyword-triage,out-of-scope-type
828,2024,keyword-triage,out-of-scope-type
829,2024,keyword-triage,out-of-scope-type
832,2024,keyword-triage,out-of-scope-type
834,2024,keyword-triage,out-of-scope-type
835,2024,keyword-triage,out-of-scope-type
836,2024,keyword-triage,out-of-scope-type
839,2024,keyword-triage,out-of-scope-type
841,2024,keyword-triage,out-of-scope-type
848,2024,keyword-triage,out-of-scope-type
851,2024,keyword-triage,out-of-scope-type
853,2024,keyword-triage,out-of-scope-type
854,2024,keyword-triage,out-of-scope-type
856,2024,keyword-triage,out-of-scope-type
858,2024,keyword-triage,out-of-scope-type
862,2024,keyword-triage,out-of-scope-type
865,2024,keyword-triage,out-of-scope-type
871,2024,keyword-triage,out-of-scope-type
872,2024,keyword-triage,out-of-scope-type
873,2024,keyword-triage,out-of-scope-type
874,2024,keyword-triage,out-of-scope-type
875,2024,keyword-triage,out-of-scope-type
876,2024,keyword-triage,out-of-scope-type
877,2024,keyword-triage,out-of-scope-type
878,2024,keyword-triage,out-of-scope-type
879,2023,keyword-triage,out-of-scope-type
880,2024,keyword-triage,out-of-scope-type
881,2024,keyword-triage,out-of-scope-type
884,2024,keyword-triage,out-of-scope-type
887,2024,keyword-triage,out-of-scope-type
888,2025,keyword-triage,out-of-scope-type
891,2025,keyword-triage,out-of-scope-type
893,2025,keyword-triage,out-of-scope-type
895,2025,keyword-triage,out-of-scope-type
896,2025,keyword-triage,out-of-scope-type
901,2025,keyword-triage,out-of-scope-type
902,2025,keyword-triage,out-of-scope-type
905,2024,keyword-triage,out-of-scope-type
907,2024,keyword-triage,out-of-scope-type
909,2024,keyword-triage,out-of-scope-type
910,2025,keyword-triage,out-of-scope-type
912,2024,keyword-triage,out-of-scope-type
913,2025,keyword-triage,out-of-scope-type
914,2024,keyword-triage,out-of-scope-type
917,2025,keyword-triage,out-of-scope-type
918,2025,keyword-triage,out-of-scope-type
919,2024,keyword-triage,out-of-scope-type
920,2025,keyword-triage,out-of-scope-type
921,2025,keyword-triage,out-of-scope-type
922,2025,keyword-triage,out-of-scope-type
923,2025,keyword-triage,out-of-scope-type
924,2025,keyword-triage,out-of-scope-type
927,2025,keyword-triage,out-of-scope-type
928,2024,keyword-triage,out-of-scope-type
929,2024,keyword-triage,out-of-scope-type
930,2025,keyword-triage,out-of-scope-type
931,2025,keyword-triage,out-of-scope-type
933,2025,keyword-triage,out-of-scope-type
935,2025,keyword-triage,out-of-scope-type
936,2024,keyword-triage,out-of-scope-type
937,2025,keyword-triage,out-of-scope-type
940,2025,keyword-triage,out-of-scope-type
941,2025,keyword-triage,out-of-scope-type
942,2025,keyword-triage,out-of-scope-type
943,2025,keyword-triage,out-of-scope-type
944,2025,keyword-triage,out-of-scope-type
945,2025,keyword-triage,out-of-scope-type
947,2024,keyword-triage,out-of-scope-type
949,2025,keyword-triage,out-of-scope-type
953,2024,keyword-triage,out-of-scope-type
955,2024,keyword-triage,out-of-scope-type
958,2025,keyword-triage,out-of-scope-type
959,2025,keyword-triage,out-of-scope-type
962,2025,keyword-triage,out-of-scope-type
965,2025,keyword-triage,out-of-scope-type
966,2024,keyword-triage,out-of-scope-type
969,2024,keyword-triage,out-of-scope-type
970,2025,keyword-triage,out-of-scope-type
972,2024,keyword-triage,out-of-scope-type
973,2025,keyword-triage,out-of-scope-type
974,2025,keyword-triage,out-of-scope-type
978,2025,keyword-triage,out-of-scope-type
980,2025,keyword-triage,out-of-scope-type
982,2025,keyword-triage,out-of-scope-type
983,2024,keyword-triage,out-of-scope-type
984,2025,keyword-triage,out-of-scope-type
985,2023,keyword-triage,out-of-scope-type
986,2024,keyword-triage,out-of-scope-type
987,2023,keyword-triage,out-of-scope-type
988,2024,keyword-triage,out-of-scope-type
989,2025,keyword-triage,out-of-scope-type
990,2024,keyword-triage,out-of-scope-type
992,2023,keyword-triage,out-of-scope-type
1002,2025,keyword-triage,out-of-scope-type
1004,2024,keyword-triage,out-of-scope-type
1005,2025,keyword-triage,out-of-scope-type
1006,2025,keyword-triage,out-of-scope-type
1007,2025,keyword-triage,out-of-scope-type
1008,2025,keyword-triage,out-of-scope-type
1010,2025,keyword-triage,out-of-scope-type
1011,2025,keyword-triage,out-of-scope-type
1012,2025,keyword-triage,out-of-scope-type
1013,2025,keyword-triage,out-of-scope-type
1014,2024,keyword-triage,out-of-scope-type
1017,2025,keyword-triage,out-of-scope-type
1018,2025,keyword-triage,out-of-scope-type
1019,2025,keyword-triage,out-of-scope-type
1021,2025,keyword-triage,out-of-scope-type
1022,2023,keyword-triage,out-of-scope-type
1023,2024,keyword-triage,out-of-scope-type
1024,2024,keyword-triage,out-of-scope-type
1025,2024,keyword-triage,out-of-scope-type
1029,2025,keyword-triage,out-of-scope-type
1030,2025,keyword-triage,out-of-scope-type
1032,2023,keyword-triage,out-of-scope-type
1033,2023,keyword-triage,out-of-scope-type
1034,2024,keyword-triage,out-of-scope-type
1035,2024,keyword-triage,out-of-scope-type
1036,2025,keyword-triage,out-of-scope-type
1042,2025,keyword-triage,out-of-scope-type
1045,2025,keyword-triage,out-of-scope-type
1048,2025,keyword-triage,out-of-scope-type
1051,2025,keyword-triage,out-of-scope-type
1052,2025,keyword-triage,out-of-scope-type
1053,2024,keyword-triage,out-of-scope-type
1055,2025,keyword-triage,out-of-scope-type
1056,2025,keyword-triage,out-of-scope-type
1058,2024,keyword-triage,out-of-scope-type
1059,2025,keyword-triage,out-of-scope-type
1060,2025,keyword-triage,out-of-scope-type
1061,2025,keyword-triage,out-of-scope-type
1062,2025,keyword-triage,out-of-scope-type
1063,2025,keyword-triage,out-of-scope-type
1064,2024,keyword-triage,out-of-scope-type
1065,2024,keyword-triage,out-of-scope-type
1066,2025,keyword-triage,out-of-scope-type
1067,2025,keyword-triage,out-of-scope-type
1075,2025,keyword-triage,out-of-scope-type
1076,2025,keyword-triage,out-of-scope-type
1077,2025,keyword-triage,out-of-scope-type
1078,2025,keyword-triage,out-of-scope-type
1079,2025,keyword-triage,out-of-scope-type
1085,2025,keyword-triage,out-of-scope-type
1086,2025,keyword-triage,out-of-scope-type
1087,2023,keyword-triage,out-of-scope-type
1088,2023,keyword-triage,out-of-scope-type
1089,2024,keyword-triage,out-of-scope-type
1091,2023,keyword-triage,out-of-scope-type
1092,2025,keyword-triage,out-of-scope-type
1093,2025,keyword-triage,out-of-scope-type
1094,2025,keyword-triage,out-of-scope-type
1095,2025,keyword-triage,out-of-scope-type
1096,2025,keyword-triage,out-of-scope-type
1098,2025,keyword-triage,out-of-scope-type
1100,2024,keyword-triage,out-of-scope-type
1102,2025,keyword-triage,out-of-scope-type
1105,2025,keyword-triage,out-of-scope-type
1107,2025,keyword-triage,out-of-scope-type
1110,2025,keyword-triage,out-of-scope-type
1111,2025,keyword-triage,out-of-scope-type
1112,2025,keyword-triage,out-of-scope-type
1113,2025,keyword-triage,out-of-scope-type
1114,2025,keyword-triage,out-of-scope-type
1115,2025,keyword-triage,out-of-scope-type
1116,2025,keyword-triage,out-of-scope-type
1117,2025,keyword-triage,out-of-scope-type
1119,2025,keyword-triage,out-of-scope-type
1120,2025,keyword-triage,out-of-scope-type
1121,2025,keyword-triage,out-of-scope-type
1122,2025,keyword-triage,out-of-scope-type
1124,2025,keyword-triage,out-of-scope-type
1126,2025,keyword-triage,out-of-scope-type
1127,2025,keyword-triage,out-of-scope-type
1129,2024,keyword-triage,out-of-scope-type
1130,2025,keyword-triage,out-of-scope-type
1131,2025,keyword-triage,out-of-scope-type
1133,2025,keyword-triage,out-of-scope-type
1134,2025,keyword-triage,out-of-scope-type
1136,2025,keyword-triage,out-of-scope-type
1140,2025,keyword-triage,out-of-scope-type
1141,2025,keyword-triage,out-of-scope-type
1142,2025,keyword-triage,out-of-scope-type
1143,2025,keyword-triage,out-of-scope-type
1147,2025,keyword-triage,out-of-scope-type
1148,2025,keyword-triage,out-of-scope-type
1150,2025,keyword-triage,out-of-scope-type
1153,2025,keyword-triage,out-of-scope-type
1154,2025,keyword-triage,out-of-scope-type
1156,2025,keyword-triage,out-of-scope-type
1162,2025,keyword-triage,out-of-scope-type
1163,2024,keyword-triage,out-of-scope-type
1170,2025,keyword-triage,out-of-scope-type
1175,2025,keyword-triage,out-of-scope-type
1182,2025,keyword-triage,out-of-scope-type
1185,2025,keyword-triage,out-of-scope-type
1191,2025,keyword-triage,out-of-scope-type
1194,2024,keyword-triage,out-of-scope-type
1195,2025,keyword-triage,out-of-scope-type
1199,2025,keyword-triage,out-of-scope-type
1203,2025,keyword-triage,out-of-scope-type
1206,2025,keyword-triage,out-of-scope-type
1207,2025,keyword-triage,out-of-scope-type
1208,2025,keyword-triage,out-of-scope-type
1214,2025,keyword-triage,out-of-scope-type
1217,2025,keyword-triage,out-of-scope-type
1221,2025,keyword-triage,out-of-scope-type
1223,2025,keyword-triage,out-of-scope-type
1224,2025,keyword-triage,out-of-scope-type
1225,2025,keyword-triage,out-of-scope-type
1226,2025,keyword-triage,out-of-scope-type
1227,2025,keyword-triage,out-of-scope-type
1229,2025,keyword-triage,out-of-scope-type
1231,2025,keyword-triage,out-of-scope-type
1233,2025,keyword-triage,out-of-scope-type
1234,2025,keyword-triage,out-of-scope-type
1235,2025,keyword-triage,out-of-scope-type
1237,2025,keyword-triage,out-of-scope-type
1239,2025,keyword-triage,out-of-scope-type
1240,2025,keyword-triage,out-of-scope-type
1241,2025,keyword-triage,out-of-scope-type
1242,2025,keyword-triage,out-of-scope-type
1244,2025,keyword-triage,out-of-scope-type
1245,2024,keyword-triage,out-of-scope-type
1246,2025,keyword-triage,out-of-scope-type
1249,2025,keyword-triage,out-of-scope-type
1254,2025,keyword-triage,out-of-scope-type
1255,2025,keyword-triage,out-of-scope-type
1256,2025,keyword-triage,out-of-scope-type
1258,2025,keyword-triage,out-of-scope-type
1260,2024,keyword-triage,out-of-scope-type
1261,2025,keyword-triage,out-of-scope-type
1262,2025,keyword-triage,out-of-scope-type
1264,2025,keyword-triage,out-of-scope-type
1266,2025,keyword-triage,out-of-scope-type
1269,2025,keyword-triage,out-of-scope-type
1271,2025,keyword-triage,out-of-scope-type
1272,2025,keyword-triage,out-of-scope-type
1273,2025,keyword-triage,out-of-scope-type
1276,2023,keyword-triage,out-of-scope-type
1280,2023,keyword-triage,out-of-scope-type
1283,2025,keyword-triage,out-of-scope-type
1285,2025,keyword-triage,out-of-scope-type
1287,2025,keyword-triage,out-of-scope-type
1288,2025,keyword-triage,out-of-scope-type
1289,2025,keyword-triage,out-of-scope-type
1290,2025,keyword-triage,out-of-scope-type
1291,2024,keyword-triage,out-of-scope-type
1292,2024,keyword-triage,out-of-scope-type
1293,2025,keyword-triage,out-of-scope-type
1297,2024,keyword-triage,out-of-scope-type
1300,2025,keyword-triage,out-of-scope-type
1301,2025,keyword-triage,out-of-scope-type
1304,2025,keyword-triage,out-of-scope-type
1305,2025,keyword-triage,out-of-scope-type
1306,2025,keyword-triage,out-of-scope-type
1311,2023,keyword-triage,out-of-scope-type
1314,2025,keyword-triage,out-of-scope-type
1315,2025,keyword-triage,out-of-scope-type
1317,2025,keyword-triage,out-of-scope-type
1319,2025,keyword-triage,out-of-scope-type
1320,2025,keyword-triage,out-of-scope-type
1321,2025,keyword-triage,out-of-scope-type
1322,2025,keyword-triage,out-of-scope-type
1323,2025,keyword-triage,out-of-scope-type
1325,2025,keyword-triage,out-of-scope-type
1326,2025,keyword-triage,out-of-scope-type
1327,2025,keyword-triage,out-of-scope-type
1328,2026,keyword-triage,out-of-scope-type
1330,2025,keyword-triage,out-of-scope-type
1331,2026,keyword-triage,out-of-scope-type
1335,2023,keyword-triage,out-of-scope-type
1337,2025,keyword-triage,out-of-scope-type
1338,2025,keyword-triage,out-of-scope-type
1339,2026,keyword-triage,out-of-scope-type
1341,2025,keyword-triage,out-of-scope-type
1342,2024,keyword-triage,out-of-scope-type
1344,2026,keyword-triage,out-of-scope-type
1345,2025,keyword-triage,out-of-scope-type
1346,2025,keyword-triage,out-of-scope-type
1348,2025,keyword-triage,out-of-scope-type
1349,2025,keyword-triage,out-of-scope-type
1350,2025,keyword-triage,out-of-scope-type
1351,2025,keyword-triage,out-of-scope-type
1352,2025,keyword-triage,out-of-scope-type
1353,2025,keyword-triage,out-of-scope-type
1354,2024,keyword-triage,out-of-scope-type
1355,2026,keyword-triage,out-of-scope-type
1357,2026,keyword-triage,out-of-scope-type
1359,2025,keyword-triage,out-of-scope-type
1361,2026,keyword-triage,out-of-scope-type
1362,2026,keyword-triage,out-of-scope-type
1363,2026,keyword-triage,out-of-scope-type
1366,2025,keyword-triage,out-of-scope-type
1371,2026,keyword-triage,out-of-scope-type
1372,2025,keyword-triage,out-of-scope-type
1378,2025,keyword-triage,out-of-scope-type
1380,2026,keyword-triage,out-of-scope-type
1381,2025,keyword-triage,out-of-scope-type
1384,2025,keyword-triage,out-of-scope-type
1388,2025,keyword-triage,out-of-scope-type
1391,2025,keyword-triage,out-of-scope-type
1394,2026,keyword-triage,out-of-scope-type
1397,2025,keyword-triage,out-of-scope-type
1398,2025,keyword-triage,out-of-scope-type
1404,2026,keyword-triage,out-of-scope-type
1405,2026,keyword-triage,out-of-scope-type
1406,2026,keyword-triage,out-of-scope-type
1408,2025,keyword-triage,out-of-scope-type
1409,2026,keyword-triage,out-of-scope-type
1410,2026,keyword-triage,out-of-scope-type
1411,2026,keyword-triage,out-of-scope-type
1413,2026,keyword-triage,out-of-scope-type
1416,2025,keyword-triage,out-of-scope-type
1417,2026,keyword-triage,out-of-scope-type
1419,2025,keyword-triage,out-of-scope-type
1420,2025,keyword-triage,out-of-scope-type
1421,2026,keyword-triage,out-of-scope-type
1422,2025,keyword-triage,out-of-scope-type
1425,2025,keyword-triage,out-of-scope-type
1429,2026,keyword-triage,out-of-scope-type
1432,2025,keyword-triage,out-of-scope-type
1435,2025,keyword-triage,out-of-scope-type
1439,2026,keyword-triage,out-of-scope-type
1445,2026,keyword-triage,out-of-scope-type
1448,2024,keyword-triage,out-of-scope-type
1450,2026,keyword-triage,out-of-scope-type
1451,2025,keyword-triage,out-of-scope-type
1452,2026,keyword-triage,out-of-scope-type
1454,2026,keyword-triage,out-of-scope-type
1455,2025,keyword-triage,out-of-scope-type
1456,2023,keyword-triage,out-of-scope-type
1457,2024,keyword-triage,out-of-scope-type
1458,2024,keyword-triage,out-of-scope-type
1459,2024,keyword-triage,out-of-scope-type
1460,2026,keyword-triage,out-of-scope-type
1461,2024,keyword-triage,out-of-scope-type
1462,2024,keyword-triage,out-of-scope-type
1463,2024,keyword-triage,out-of-scope-type
1464,2024,keyword-triage,out-of-scope-type
1466,2026,keyword-triage,out-of-scope-type
1472,2026,keyword-triage,out-of-scope-type
1473,2026,keyword-triage,out-of-scope-type
1474,2026,keyword-triage,out-of-scope-type
1475,2026,keyword-triage,out-of-scope-type
1477,2026,keyword-triage,out-of-scope-type
1478,2026,keyword-triage,out-of-scope-type
1480,2026,keyword-triage,out-of-scope-type
1481,2025,keyword-triage,out-of-scope-type
1482,2026,keyword-triage,out-of-scope-type
1483,2025,keyword-triage,out-of-scope-type
1485,2026,keyword-triage,out-of-scope-type
1486,2025,keyword-triage,out-of-scope-type
1494,2026,keyword-triage,out-of-scope-type
1496,2026,keyword-triage,out-of-scope-type
1500,2025,keyword-triage,out-of-scope-type
1501,2026,keyword-triage,out-of-scope-type
1502,2025,keyword-triage,out-of-scope-type
1505,2026,keyword-triage,out-of-scope-type
1508,2026,keyword-triage,out-of-scope-type
1513,2025,keyword-triage,out-of-scope-type
1514,2025,keyword-triage,out-of-scope-type
1515,2025,keyword-triage,out-of-scope-type
1516,2025,keyword-triage,out-of-scope-type
1517,2025,keyword-triage,out-of-scope-type
1518,2025,keyword-triage,out-of-scope-type
1519,2026,keyword-triage,out-of-scope-type
1520,2026,keyword-triage,out-of-scope-type
1521,2026,keyword-triage,out-of-scope-type
1522,2026,keyword-triage,out-of-scope-type
1523,2026,keyword-triage,out-of-scope-type
1524,2026,keyword-triage,out-of-scope-type
1525,2025,keyword-triage,out-of-scope-type
1526,2026,keyword-triage,out-of-scope-type
1527,2026,keyword-triage,out-of-scope-type
1529,2026,keyword-triage,out-of-scope-type
1530,2026,keyword-triage,out-of-scope-type
1531,2026,keyword-triage,out-of-scope-type
1532,2025,keyword-triage,out-of-scope-type
1537,2025,keyword-triage,out-of-scope-type
1538,2025,keyword-triage,out-of-scope-type
1539,2025,keyword-triage,out-of-scope-type
1540,2026,keyword-triage,out-of-scope-type
1541,2026,keyword-triage,out-of-scope-type
1543,2026,keyword-triage,out-of-scope-type
1544,2026,keyword-triage,out-of-scope-type
1545,2024,keyword-triage,out-of-scope-type
1547,2026,keyword-triage,out-of-scope-type
1549,2026,keyword-triage,out-of-scope-type
1551,2026,keyword-triage,out-of-scope-type
1552,2026,keyword-triage,out-of-scope-type
1553,2025,keyword-triage,out-of-scope-type
1557,2025,keyword-triage,out-of-scope-type
1560,2026,keyword-triage,out-of-scope-type
1564,2025,keyword-triage,out-of-scope-type
1565,2026,keyword-triage,out-of-scope-type
1566,2025,keyword-triage,out-of-scope-type
446,2023,recall-screen,out-of-scope-type
453,2023,recall-screen,out-of-scope-type
459,2023,recall-screen,out-of-scope-type
462,2023,recall-screen,out-of-scope-type
466,2023,recall-screen,out-of-scope-type
485,2023,recall-screen,out-of-scope-type
488,2023,recall-screen,out-of-scope-type
492,2023,recall-screen,out-of-scope-type
493,2023,recall-screen,out-of-scope-type
499,2023,recall-screen,out-of-scope-type
500,2023,recall-screen,out-of-scope-type
523,2023,recall-screen,out-of-scope-type
528,2023,recall-screen,out-of-scope-type
537,2023,recall-screen,out-of-scope-type
540,2023,recall-screen,out-of-scope-type
553,2023,recall-screen,out-of-scope-type
554,2023,recall-screen,out-of-scope-type
565,2023,recall-screen,out-of-scope-type
566,2023,recall-screen,out-of-scope-type
568,2023,recall-screen,out-of-scope-type
571,2023,recall-screen,out-of-scope-type
572,2023,recall-screen,out-of-scope-type
574,2023,recall-screen,out-of-scope-type
575,2023,recall-screen,out-of-scope-type
576,2023,recall-screen,out-of-scope-type
577,2023,recall-screen,out-of-scope-type
579,2023,recall-screen,out-of-scope-type
580,2023,recall-screen,out-of-scope-type
581,2023,recall-screen,out-of-scope-type
582,2023,recall-screen,out-of-scope-type
586,2023,recall-screen,out-of-scope-type
587,2023,recall-screen,out-of-scope-type
588,2023,recall-screen,out-of-scope-type
589,2023,recall-screen,out-of-scope-type
591,2023,recall-screen,out-of-scope-type
599,2023,recall-screen,out-of-scope-type
600,2023,recall-screen,out-of-scope-type
601,2023,recall-screen,out-of-scope-type
602,2023,recall-screen,out-of-scope-type
608,2023,recall-screen,out-of-scope-type
612,2023,recall-screen,out-of-scope-type
613,2023,recall-screen,out-of-scope-type
616,2023,recall-screen,out-of-scope-type
618,2023,recall-screen,out-of-scope-type
627,2024,recall-screen,out-of-scope-type
629,2023,recall-screen,out-of-scope-type
633,2024,recall-screen,out-of-scope-type
635,2024,recall-screen,out-of-scope-type
637,2024,recall-screen,out-of-scope-type
644,2024,recall-screen,out-of-scope-type
646,2024,recall-screen,out-of-scope-type
663,2024,recall-screen,out-of-scope-type
672,2024,recall-screen,out-of-scope-type
681,2023,recall-screen,out-of-scope-type
684,2024,recall-screen,out-of-scope-type
690,2024,recall-screen,out-of-scope-type
691,2024,recall-screen,out-of-scope-type
696,2024,recall-screen,out-of-scope-type
699,2024,recall-screen,out-of-scope-type
706,2024,recall-screen,out-of-scope-type
708,2024,recall-screen,out-of-scope-type
710,2024,recall-screen,out-of-scope-type
718,2024,recall-screen,out-of-scope-type
721,2024,recall-screen,out-of-scope-type
723,2024,recall-screen,out-of-scope-type
724,2024,recall-screen,out-of-scope-type
725,2024,recall-screen,out-of-scope-type
727,2024,recall-screen,out-of-scope-type
728,2024,recall-screen,out-of-scope-type
733,2024,recall-screen,out-of-scope-type
738,2024,recall-screen,out-of-scope-type
740,2024,recall-screen,out-of-scope-type
746,2024,recall-screen,out-of-scope-type
747,2024,recall-screen,out-of-scope-type
749,2024,recall-screen,out-of-scope-type
752,2024,recall-screen,out-of-scope-type
753,2024,recall-screen,out-of-scope-type
758,2023,recall-screen,out-of-scope-type
761,2024,recall-screen,out-of-scope-type
767,2024,recall-screen,out-of-scope-type
774,2024,recall-screen,out-of-scope-type
775,2024,recall-screen,out-of-scope-type
780,2024,recall-screen,out-of-scope-type
785,2024,recall-screen,out-of-scope-type
788,2024,recall-screen,out-of-scope-type
789,2024,recall-screen,out-of-scope-type
796,2024,recall-screen,out-of-scope-type
803,2024,recall-screen,out-of-scope-type
808,2024,recall-screen,out-of-scope-type
810,2024,recall-screen,out-of-scope-type
813,2024,recall-screen,out-of-scope-type
822,2024,recall-screen,out-of-scope-type
823,2024,recall-screen,out-of-scope-type
825,2024,recall-screen,out-of-scope-type
831,2024,recall-screen,out-of-scope-type
833,2024,recall-screen,out-of-scope-type
837,2024,recall-screen,out-of-scope-type
840,2024,recall-screen,out-of-scope-type
842,2024,recall-screen,out-of-scope-type
847,2024,recall-screen,out-of-scope-type
849,2024,recall-screen,out-of-scope-type
860,2023,recall-screen,out-of-scope-type
864,2024,recall-screen,out-of-scope-type
868,2024,recall-screen,out-of-scope-type
869,2024,recall-screen,out-of-scope-type
870,2024,recall-screen,out-of-scope-type
883,2024,recall-screen,out-of-scope-type
889,2025,recall-screen,out-of-scope-type
890,2025,recall-screen,out-of-scope-type
925,2024,recall-screen,out-of-scope-type
932,2024,recall-screen,out-of-scope-type
934,2025,recall-screen,out-of-scope-type
939,2025,recall-screen,out-of-scope-type
950,2024,recall-screen,out-of-scope-type
957,2025,recall-screen,out-of-scope-type
961,2024,recall-screen,out-of-scope-type
971,2023,recall-screen,out-of-scope-type
979,2025,recall-screen,out-of-scope-type
991,2025,recall-screen,out-of-scope-type
994,2025,recall-screen,out-of-scope-type
997,2023,recall-screen,out-of-scope-type
1000,2025,recall-screen,out-of-scope-type
1046,2025,recall-screen,out-of-scope-type
1047,2025,recall-screen,out-of-scope-type
1050,2025,recall-screen,out-of-scope-type
1069,2025,recall-screen,out-of-scope-type
1080,2025,recall-screen,out-of-scope-type
1081,2025,recall-screen,out-of-scope-type
1082,2024,recall-screen,out-of-scope-type
1083,2025,recall-screen,out-of-scope-type
1090,2025,recall-screen,out-of-scope-type
1125,2025,recall-screen,out-of-scope-type
1128,2025,recall-screen,out-of-scope-type
1132,2025,recall-screen,out-of-scope-type
1159,2025,recall-screen,out-of-scope-type
1161,2025,recall-screen,out-of-scope-type
1168,2025,recall-screen,out-of-scope-type
1171,2025,recall-screen,out-of-scope-type
1181,2025,recall-screen,out-of-scope-type
1189,2025,recall-screen,out-of-scope-type
1197,2025,recall-screen,out-of-scope-type
1232,2025,recall-screen,out-of-scope-type
1243,2025,recall-screen,out-of-scope-type
1268,2025,recall-screen,out-of-scope-type
1275,2025,recall-screen,out-of-scope-type
1282,2025,recall-screen,out-of-scope-type
1294,2025,recall-screen,out-of-scope-type
1302,2025,recall-screen,out-of-scope-type
1303,2025,recall-screen,out-of-scope-type
1318,2025,recall-screen,out-of-scope-type
1324,2024,recall-screen,out-of-scope-type
1332,2026,recall-screen,out-of-scope-type
1343,2026,recall-screen,out-of-scope-type
1347,2026,recall-screen,out-of-scope-type
1358,2026,recall-screen,out-of-scope-type
1367,2026,recall-screen,out-of-scope-type
1369,2026,recall-screen,out-of-scope-type
1376,2026,recall-screen,out-of-scope-type
1377,2026,recall-screen,out-of-scope-type
1379,2024,recall-screen,out-of-scope-type
1386,2026,recall-screen,out-of-scope-type
1390,2026,recall-screen,out-of-scope-type
1412,2026,recall-screen,out-of-scope-type
1423,2026,recall-screen,out-of-scope-type
1427,2025,recall-screen,out-of-scope-type
1438,2025,recall-screen,out-of-scope-type
1440,2026,recall-screen,out-of-scope-type
1465,2025,recall-screen,out-of-scope-type
1468,2026,recall-screen,out-of-scope-type
1497,2026,recall-screen,out-of-scope-type
1536,2026,recall-screen,out-of-scope-type
1546,2023,recall-screen,out-of-scope-type
1550,2026,recall-screen,out-of-scope-type
1561,2025,recall-screen,out-of-scope-type
1567,2026,recall-screen,out-of-scope-type
1568,2026,recall-screen,out-of-scope-type
452,2023,coding,out-of-scope-type
482,2023,coding,out-of-scope-type
490,2023,coding,out-of-scope-type
498,2023,coding,out-of-scope-type
513,2023,coding,out-of-scope-type
514,2023,coding,out-of-scope-type
516,2023,coding,out-of-scope-type
559,2023,coding,out-of-scope-type
570,2023,coding,out-of-scope-type
585,2023,coding,out-of-scope-type
590,2023,coding,out-of-scope-type
593,2023,coding,out-of-scope-type
621,2023,coding,out-of-scope-type
625,2024,coding,out-of-scope-type
636,2024,coding,out-of-scope-type
654,2024,coding,out-of-scope-type
657,2024,coding,out-of-scope-type
662,2024,coding,out-of-scope-type
680,2024,coding,out-of-scope-type
688,2024,coding,out-of-scope-type
701,2024,coding,out-of-scope-type
704,2024,coding,out-of-scope-type
705,2024,coding,out-of-scope-type
719,2024,coding,out-of-scope-type
729,2024,coding,out-of-scope-type
732,2024,coding,out-of-scope-type
734,2024,coding,out-of-scope-type
736,2023,coding,out-of-scope-type
742,2024,coding,out-of-scope-type
743,2024,coding,out-of-scope-type
757,2024,coding,out-of-scope-type
762,2024,coding,out-of-scope-type
763,2024,coding,out-of-scope-type
768,2023,coding,out-of-scope-type
790,2024,coding,out-of-scope-type
793,2024,coding,out-of-scope-type
811,2024,coding,out-of-scope-type
814,2024,coding,out-of-scope-type
820,2024,coding,out-of-scope-type
827,2024,coding,out-of-scope-type
830,2024,coding,out-of-scope-type
857,2024,coding,out-of-scope-type
861,2024,coding,out-of-scope-type
866,2024,coding,out-of-scope-type
867,2024,coding,out-of-scope-type
882,2024,coding,out-of-scope-type
892,2024,coding,out-of-scope-type
897,2025,coding,insufficient-detail
898,2024,coding,out-of-scope-type
906,2024,coding,out-of-scope-type
938,2025,coding,out-of-scope-type
948,2025,coding,out-of-scope-type
952,2025,coding,out-of-scope-type
954,2025,coding,out-of-scope-type
956,2025,coding,out-of-scope-type
963,2025,coding,out-of-scope-type
964,2025,coding,out-of-scope-type
967,2025,coding,out-of-scope-type
976,2025,coding,out-of-scope-type
977,2025,coding,out-of-scope-type
981,2025,coding,out-of-scope-type
993,2025,coding,out-of-scope-type
995,2023,coding,out-of-scope-type
999,2025,coding,out-of-scope-type
1001,2025,coding,out-of-scope-type
1015,2025,coding,out-of-scope-type
1016,2025,coding,out-of-scope-type
1020,2025,coding,out-of-scope-type
1037,2025,coding,out-of-scope-type
1038,2025,coding,out-of-scope-type
1044,2025,coding,out-of-scope-type
1049,2025,coding,out-of-scope-type
1054,2025,coding,out-of-scope-type
1068,2025,coding,out-of-scope-type
1070,2025,coding,out-of-scope-type
1071,2025,coding,out-of-scope-type
1101,2025,coding,out-of-scope-type
1123,2025,coding,out-of-scope-type
1144,2024,coding,out-of-scope-type
1160,2025,coding,insufficient-detail
1164,2024,coding,out-of-scope-type
1165,2025,coding,out-of-scope-type
1167,2023,coding,out-of-scope-type
1172,2024,coding,out-of-scope-type
1176,2025,coding,out-of-scope-type
1177,2025,coding,out-of-scope-type
1179,2025,coding,out-of-scope-type
1186,2025,coding,out-of-scope-type
1188,2025,coding,out-of-scope-type
1202,2025,coding,out-of-scope-type
1213,2025,coding,out-of-scope-type
1215,2025,coding,out-of-scope-type
1219,2025,coding,out-of-scope-type
1220,2025,coding,out-of-scope-type
1228,2025,coding,out-of-scope-type
1230,2024,coding,out-of-scope-type
1250,2025,coding,out-of-scope-type
1253,2025,coding,insufficient-detail
1267,2025,coding,out-of-scope-type
1270,2025,coding,out-of-scope-type
1278,2025,coding,out-of-scope-type
1284,2025,coding,out-of-scope-type
1298,2025,coding,out-of-scope-type
1309,2025,coding,out-of-scope-type
1312,2025,coding,out-of-scope-type
1333,2026,coding,out-of-scope-type
1340,2025,coding,out-of-scope-type
1356,2025,coding,out-of-scope-type
1360,2025,coding,out-of-scope-type
1364,2026,coding,out-of-scope-type
1365,2024,coding,out-of-scope-type
1368,2026,coding,out-of-scope-type
1374,2026,coding,out-of-scope-type
1375,2026,coding,out-of-scope-type
1389,2026,coding,out-of-scope-type
1395,2026,coding,out-of-scope-type
1403,2026,coding,out-of-scope-type
1407,2026,coding,out-of-scope-type
1414,2026,coding,out-of-scope-type
1418,2026,coding,out-of-scope-type
1443,2026,coding,insufficient-detail
1444,2026,coding,out-of-scope-type
1446,2026,coding,out-of-scope-type
1447,2026,coding,insufficient-detail
1479,2025,coding,out-of-scope-type
1484,2026,coding,out-of-scope-type
1488,2026,coding,out-of-scope-type
1489,2025,coding,out-of-scope-type
1490,2025,coding,out-of-scope-type
1492,2026,coding,out-of-scope-type
1507,2026,coding,out-of-scope-type
1511,2026,coding,out-of-scope-type
1512,2026,coding,out-of-scope-type
1528,2023,coding,out-of-scope-type
1534,2026,coding,out-of-scope-type
1554,2023,coding,out-of-scope-type
1562,2026,coding,out-of-scope-type
1563,2025,coding,insufficient-detail
